"File","Conflicts"
"index-test-local.html","4"
"index.html","4"
"index_backup_2026-02-28_17-15-42.html","4"
"index_backup_2026-02-28_18-08-53.html","4"
"index_backup_2026-03-02_16-55-48.html","4"
"index_backup_encoding.html","4"
"Old Modules\doc-module-1-temp.html","4"
"Old Modules\doc-module-1.html","4"
"Old Modules\doc-module-12.html","4"
"Old Modules\doc-module-2-new.html","4"
"Old Modules\doc-module-3-old.html","4"
"Old Modules\doc-module-4-old.html","4"
"Old Modules\doc-module-5-old.html","4"
"Old Modules\doc-module-6-old.html","4"
"Old Modules\doc-module-7-old.html","4"
"Old Modules\doc-module-8-old.html","4"
"Old Modules\module-1-introduction.html","4"
"Old Modules\module-2-regulations.html","4"
"Old Modules\module-3-equipment.html","4"
"Old Modules\module-4-loadboards.html","4"
"Old Modules\module-5-negotiations.html","4"
"Old Modules\modules-index.html","4"
"pages\ai-chat_backup_2026-02-28_18-28-58.html","4"
"pages\doc-module-1-complete.html","1"
"pages\modules-index.html","4"
"pages\simulator-backup-2026-03-14.html","4"
"pages\simulator-backup-2026-03-16.html","4"
"pages\simulator-backup-2026-03-17.html","4"
"pages\simulator-backup.html","4"
"pages\simulator.html","4"
"pages\simulator_backup_2026-03-05_18-29-18.html","4"
"pages\simulator_backup_2026-03-05_18-51-18.html","4"
"pages\test-1.html","1"
"pages\test-10.html","1"
"pages\test-11.html","1"
"pages\test-12.html","1"
"pages\test-2.html","1"
"pages\test-3.html","1"
"pages\test-4.html","1"
"pages\test-5.html","1"
"pages\test-6.html","1"
"pages\test-7.html","1"
"pages\test-8.html","1"
"pages\test-9.html","1"
